gics_1_sector_code,gics_2_industrygroup_code,gics_3_industry_code,gics_4_subindustry_code,gics_1_sector,gics_2_industrygroup,gics_3_industry,gics_4_subindustry,gics_description
10,1010,101010,10101010,Energy,Energy,Energy Equipment & Services,Oil & Gas Drilling,Drilling contractors or owners of drilling rigs that contract their services for drilling wells.
10,1010,101010,10101020,Energy,Energy,Energy Equipment & Services,Oil & Gas Equipment & Services,"Manufacturers of equipment, including drilling rigs and equipment, and providers of supplies and services to companies involved in the drilling, evaluation and completion of oil and gas wells."
10,1010,101020,10102010,Energy,Energy,"Oil, Gas & Consumable Fuels",Integrated Oil & Gas,"Integrated oil companies engaged in the exploration & production of oil and gas, as well as at least one other significant activity in either refining, marketing and transportation, or chemicals."
10,1010,101020,10102020,Energy,Energy,"Oil, Gas & Consumable Fuels",Oil & Gas Exploration & Production,Companies engaged in the exploration and production of oil and gas not classified elsewhere.
10,1010,101020,10102030,Energy,Energy,"Oil, Gas & Consumable Fuels",Oil & Gas Refining & Marketing,"Companies engaged in the refining and marketing of oil, gas and/or refined products not classified in the Integrated Oil & Gas or Independent Power Producers & Energy Traders Sub-Industries."
10,1010,101020,10102040,Energy,Energy,"Oil, Gas & Consumable Fuels",Oil & Gas Storage & Transportation,"Companies engaged in the storage and/or transportation of oil, gas and/or refined products. Includes diversified midstream natural gas companies, oil and refined product pipelines, coal slurry pipelines and oil & gas shipping companies."
10,1010,101020,10102050,Energy,Energy,"Oil, Gas & Consumable Fuels",Coal & Consumable Fuels,"Companies primarily involved in the production and mining of coal, related products and other consumable fuels related to the generation of energy.  Excludes companies primarily producing gases classified in the Industrial Gases Sub-Industry and companies primarily mining for metallurgical (coking) coal used for steel production."
15,1510,151010,15101010,Materials,Materials,Chemicals,Commodity Chemicals,"Companies that primarily produce industrial chemicals and basic chemicals. Including but not limited to plastics, synthetic fibers, films, commodity-based paints & pigments, explosives and petrochemicals. Excludes chemical companies classified in the Diversified Chemicals, Fertilizers & Agricultural Chemicals, Industrial Gases, or Specialty Chemicals Sub-Industries."
15,1510,151010,15101020,Materials,Materials,Chemicals,Diversified Chemicals,"Manufacturers of a diversified range of chemical products not classified in the Industrial Gases, Commodity Chemicals, Specialty Chemicals or Fertilizers & Agricultural Chemicals Sub-Industries."
15,1510,151010,15101030,Materials,Materials,Chemicals,Fertilizers & Agricultural Chemicals,"Producers of fertilizers, pesticides, potash or other agriculture-related chemicals not classified elsewhere."
15,1510,151010,15101040,Materials,Materials,Chemicals,Industrial Gases,Manufacturers of industrial gases.
15,1510,151010,15101050,Materials,Materials,Chemicals,Specialty Chemicals,"Companies that primarily produce high value-added chemicals used in the manufacture of a wide variety of products, including but not limited to fine chemicals, additives, advanced polymers, adhesives, sealants and specialty paints, pigments and coatings."
15,1510,151020,15102010,Materials,Materials,Construction Materials,Construction Materials,"Manufacturers of construction materials including sand, clay, gypsum, lime, aggregates, cement, concrete and bricks. Other finished or semi-finished building materials are classified  in the Building Products Sub-Industry."
15,1510,151030,15103010,Materials,Materials,Containers & Packaging,"Metal, Glass & Plastic Containers ","Manufacturers of metal, glass or plastic containers. Includes corks and caps."
15,1510,151030,15103020,Materials,Materials,Containers & Packaging,Paper & Plastic Packaging Products & Materials ,Manufacturers of paper and cardboard containers and packaging.
15,1510,151040,15104010,Materials,Materials,Metals & Mining,Aluminum,"Producers of aluminum and related products, including companies that mine or process bauxite and companies that recycle aluminum to produce finished or semi-finished products. Excludes companies that primarily produce aluminum building materials classified in the Building Products Sub-Industry."
15,1510,151040,15104020,Materials,Materials,Metals & Mining,Diversified Metals & Mining,"Companies engaged in the diversified production or extraction of metals and minerals not classified elsewhere. Including, but not limited to, nonferrous metal mining (except bauxite), salt and borate mining, phosphate rock mining, and diversified mining operations. Excludes iron ore mining, classified in the Steel Sub-Industry, bauxite mining, classified in the Aluminum Sub-Industry, and coal mining, classified in either the Steel or Coal & Consumable Fuels Sub-Industries."
15,1510,151040,15104025,Materials,Materials,Metals & Mining,Copper,Companies involved primarily in copper ore mining. 
15,1510,151040,15104030,Materials,Materials,Metals & Mining,Gold,"Producers of gold and related products, including companies that mine or process gold and the South African finance houses which primarily invest in, but do not operate, gold mines."
15,1510,151040,15104040,Materials,Materials,Metals & Mining,Precious Metals & Minerals,Companies mining precious metals and minerals not classified in the Gold Sub-Industry. Includes companies primarily mining platinum.
15,1510,151040,15104045,Materials,Materials,Metals & Mining,Silver,Companies primarily mining silver. Excludes companies classified in the Gold or Precious Metals & Minerals Sub-Industries.
15,1510,151040,15104050,Materials,Materials,Metals & Mining,Steel,"Producers of iron and steel and related products, including metallurgical (coking) coal mining used for steel production."
15,1510,151050,15105010,Materials,Materials,Paper & Forest Products,Forest Products,Manufacturers of timber and related wood products. Includes lumber for the building industry.
15,1510,151050,15105020,Materials,Materials,Paper & Forest Products,Paper Products,Manufacturers of all grades of paper. Excludes companies specializing in paper packaging classified in the Paper & Plastic Packaging Products & Materials Sub-Industry.
20,2010,201010,20101010,Industrials,Capital Goods,Aerospace & Defense,Aerospace & Defense,"Manufacturers of civil or military aerospace and defense equipment, parts or products. Includes defense electronics and space equipment."
20,2010,201020,20102010,Industrials,Capital Goods,Building Products,Building Products,Manufacturers of building components and home improvement products and equipment. Excludes lumber and plywood classified under Forest Products and cement and other materials classified in the Construction Materials Sub-Industry.
20,2010,201030,20103010,Industrials,Capital Goods,Construction & Engineering,Construction & Engineering,Companies engaged in primarily non-residential construction. Includes civil engineering companies and large-scale contractors. Excludes companies classified in the Homebuilding Sub-Industry.
20,2010,201040,20104010,Industrials,Capital Goods,Electrical Equipment,Electrical Components & Equipment,"Companies that produce electric cables and wires, electrical components or equipment not classified in the Heavy Electrical Equipment Sub-Industry."
20,2010,201040,20104020,Industrials,Capital Goods,Electrical Equipment,Heavy Electrical Equipment,"Manufacturers of power-generating equipment and other heavy electrical equipment, including power turbines, heavy electrical machinery intended for fixed-use and large electrical systems. Excludes cables and wires, classified in the Electrical Components & Equipment Sub-Industry."
20,2010,201050,20105010,Industrials,Capital Goods,Industrial Conglomerates,Industrial Conglomerates,"Diversified industrial companies with business activities in three or more sectors, none of which contributes a majority of revenues. Stakes held are predominantly of a controlling nature and stake holders maintain an operational interest in the running of the subsidiaries."
20,2010,201060,20106010,Industrials,Capital Goods,Machinery,Construction Machinery & Heavy Transportation Equipment,"Manufacturers of heavy duty trucks, rolling machinery, earth-moving and construction equipment, and manufacturers of related parts. Includes non-military shipbuilding."
20,2010,201060,20106015,Industrials,Capital Goods,Machinery,Agricultural & Farm Machinery,"Companies manufacturing agricultural machinery, farm machinery, and their related parts. Includes machinery used for the production of crops and agricultural livestock, agricultural tractors, planting and fertilizing machinery, fertilizer and chemical application equipment, and grain dryers and blowers."
20,2010,201060,20106020,Industrials,Capital Goods,Machinery,Industrial Machinery & Supplies & Components,"Manufacturers of industrial machinery and industrial components. Includes companies that manufacture presses, machine tools, compressors, pollution control equipment, elevators, escalators, insulators, pumps, roller bearings and other metal fabrications."
20,2010,201070,20107010,Industrials,Capital Goods,Trading Companies & Distributors,Trading Companies & Distributors,Trading companies and other distributors of industrial equipment and products.
20,2020,202010,20201010,Industrials,Commercial  & Professional Services,Commercial Services & Supplies,Commercial Printing,Companies providing commercial printing services. Includes printers primarily serving the media industry.
20,2020,202010,20201050,Industrials,Commercial  & Professional Services,Commercial Services & Supplies,Environmental & Facilities Services,"Companies providing environmental and facilities maintenance services. Includes waste management, facilities management and pollution control services. Excludes large-scale water treatment systems classified in the Water Utilities Sub-Industry."
20,2020,202010,20201060,Industrials,Commercial  & Professional Services,Commercial Services & Supplies,Office Services & Supplies,Providers of office services and manufacturers of office supplies and equipment not classified elsewhere.
20,2020,202010,20201070,Industrials,Commercial  & Professional Services,Commercial Services & Supplies,Diversified Support Services,"Companies primarily providing labor oriented support services to businesses and governments.  Includes commercial cleaning services, dining & catering services, equipment repair services, industrial maintenance services, industrial auctioneers, storage & warehousing, transaction services, uniform rental services, and other business support services."
20,2020,202010,20201080,Industrials,Commercial  & Professional Services,Commercial Services & Supplies,Security & Alarm Services,"Companies providing security and protection services to business and governments. Includes companies providing services such as correctional facilities, security & alarm services, armored transportation & guarding. Excludes companies providing security software classified under the Systems Software Sub-Industry and home security services classified under the Specialized Consumer Services Sub-Industry. Also excludes companies manufacturing security system equipment classified under the Electronic Equipment & Instruments Sub-Industry. "
20,2020,202020,20202010,Industrials,Commercial  & Professional Services,Professional Services,Human Resource & Employment Services ,"Companies providing business support services relating to human capital management. This Sub-Industry includes employment agencies, employee training, payroll processing, benefit & retirement support services, corporate & job seeker recruitment services, and online job portals generating revenue from fees or commissions for offering recruitment services to companies or job seekers."
20,2020,202020,20202020,Industrials,Commercial  & Professional Services,Professional Services,Research & Consulting Services,"Companies primarily providing research and consulting services to businesses and governments not classified elsewhere.  Includes companies involved in management consulting services, architectural design, business information or scientific research, marketing, and testing & certification services. Excludes companies providing information technology consulting services classified in the IT Consulting & Other Services Sub-Industry."
20,2020,202020,20202030,Industrials,Commercial  & Professional Services,Professional Services,Data Processing & Outsourced Services ,"Providers of commercial data processing and/or business process outsourcing services. This Sub-Industry includes companies providing services for customer experience management, back-office automation, call center management, and investor communications."
20,2030,203010,20301010,Industrials,Transportation,Air Freight & Logistics,Air Freight & Logistics,"Companies providing air freight transportation, courier and logistics services, including package and mail delivery and customs agents. Excludes those companies classified in the Passenger Airlines, Marine Transportation, Cargo Ground Transportation and Passenger Ground Transportation Sub-Industries."
20,2030,203020,20302010,Industrials,Transportation,Passenger Airlines (New name),Passenger Airlines ,Companies providing primarily passenger air transportation.
20,2030,203030,20303010,Industrials,Transportation,Marine Transportation,Marine Transportation ,"Companies providing goods or passenger maritime transportation. Excludes cruise-ships classified in the Hotels, Resorts & Cruise Lines Sub-Industry."
20,2030,203040,20304010,Industrials,Transportation,Ground Transportation,Rail Transportation,Companies providing primarily goods and passenger rail  transportation.
20,2030,203040,20304030,Industrials,Transportation,Ground Transportation,Cargo Ground Transportation,Companies providing ground transportation services for goods and freight.
20,2030,203040,20304040,Industrials,Transportation,Ground Transportation,Passenger Ground Transportation,"Companies providing passenger ground transportation and related services, including bus, taxi, vehicle rental, ride sharing and on-demand ride sharing platforms, and other passenger logistics."
20,2030,203050,20305010,Industrials,Transportation,Transportation Infrastructure,Airport Services,Operators of airports and companies providing related services.
20,2030,203050,20305020,Industrials,Transportation,Transportation Infrastructure,Highways & Railtracks,"Owners and operators of roads, tunnels and railtracks."
20,2030,203050,20305030,Industrials,Transportation,Transportation Infrastructure,Marine Ports & Services,Owners and operators of marine ports and related services.
25,2510,251010,25101010,Consumer Discretionary,Automobiles & Components,Automobile Components,Automotive Parts & Equipment,Manufacturers of parts and accessories for  automobiles and motorcycles. Excludes companies classified in the Tires & Rubber Sub-Industry.
25,2510,251010,25101020,Consumer Discretionary,Automobiles & Components,Automobile Components,Tires & Rubber,Manufacturers of tires and rubber.
25,2510,251020,25102010,Consumer Discretionary,Automobiles & Components,Automobiles,Automobile Manufacturers,Companies that produce mainly passenger automobiles and light trucks. Excludes companies producing mainly motorcycles and three-wheelers classified in the Motorcycle Manufacturers Sub-Industry and heavy duty trucks classified in the Construction Machinery & Heavy Transportation Equipment Sub-Industry.
25,2510,251020,25102020,Consumer Discretionary,Automobiles & Components,Automobiles,Motorcycle Manufacturers,"Companies that produce motorcycles, scooters or three-wheelers. Excludes bicycles classified in the Leisure Products Sub-Industry. "
25,2520,252010,25201010,Consumer Discretionary,Consumer Durables & Apparel,Household Durables,Consumer Electronics,"Manufacturers of consumer electronics products including TVs, home audio equipment, game consoles, digital cameras, and related products. Excludes personal home computer manufacturers classified in the Technology Hardware, Storage & Peripherals Sub-Industry, and electric household appliances classified in the Household Appliances Sub-Industry."
25,2520,252010,25201020,Consumer Discretionary,Consumer Durables & Apparel,Household Durables,Home Furnishings,"Manufacturers of soft home furnishings or furniture, including upholstery, carpets and wall-coverings."
25,2520,252010,25201030,Consumer Discretionary,Consumer Durables & Apparel,Household Durables,Homebuilding,Residential construction companies. Includes manufacturers of prefabricated houses and semi-fixed manufactured homes.
25,2520,252010,25201040,Consumer Discretionary,Consumer Durables & Apparel,Household Durables,Household Appliances,"Manufacturers of electric household appliances and related products.  Includes manufacturers of power and hand tools, including garden improvement tools.  Excludes TVs and other audio and video products classified in the Consumer Electronics Sub-Industry and personal computers classified in the Technology Hardware, Storage & Peripherals Sub-Industry."
25,2520,252010,25201050,Consumer Discretionary,Consumer Durables & Apparel,Household Durables,Housewares & Specialties,"Manufacturers of durable household products, including cutlery, cookware, glassware, crystal, silverware, utensils, kitchenware and consumer specialties not classified elsewhere."
25,2520,252020,25202010,Consumer Discretionary,Consumer Durables & Apparel,Leisure Products,Leisure Products,"Manufacturers of leisure products and equipment including sports equipment, bicycles and toys."
25,2520,252030,25203010,Consumer Discretionary,Consumer Durables & Apparel,"Textiles, Apparel & Luxury Goods","Apparel, Accessories & Luxury Goods","Manufacturers of apparel, accessories & luxury goods. Includes companies primarily producing designer handbags, wallets, luggage, jewelry and watches. Excludes shoes classified in the Footwear Sub-Industry."
25,2520,252030,25203020,Consumer Discretionary,Consumer Durables & Apparel,"Textiles, Apparel & Luxury Goods",Footwear,Manufacturers of footwear. Includes sport and leather shoes.
25,2520,252030,25203030,Consumer Discretionary,Consumer Durables & Apparel,"Textiles, Apparel & Luxury Goods",Textiles,"Manufacturers of textile and related products not classified in the Apparel, Accessories & Luxury Goods, Footwear or Home Furnishings Sub-Industries."
25,2530,253010,25301010,Consumer Discretionary,Consumer Services,"Hotels, Restaurants & Leisure",Casinos & Gaming,Owners and operators of casinos and gaming facilities. Includes companies providing lottery and betting services.
25,2530,253010,25301020,Consumer Discretionary,Consumer Services,"Hotels, Restaurants & Leisure","Hotels, Resorts & Cruise Lines","Owners and operators of hotels, resorts and cruise-ships. Includes travel agencies, tour operators and related services not classified elsewhere . Excludes casino-hotels classified in the Casinos & Gaming Sub-Industry."
25,2530,253010,25301030,Consumer Discretionary,Consumer Services,"Hotels, Restaurants & Leisure",Leisure Facilities,"Owners and operators of leisure facilities, including sport and fitness centers, stadiums, golf courses and amusement parks not classified in the Movies & Entertainment Sub-Industry."
25,2530,253010,25301040,Consumer Discretionary,Consumer Services,"Hotels, Restaurants & Leisure",Restaurants,"Owners and operators of restaurants, bars, pubs, fast-food or take-out facilities. Includes companies that provide food catering services."
25,2530,253020,25302010,Consumer Discretionary,Consumer Services,Diversified Consumer Services,Education Services,"Companies providing educational services, either on-line or through conventional teaching methods. Includes, private universities, correspondence teaching, providers of educational seminars, educational materials and technical education. Excludes companies providing employee education programs classified in the Human Resources & Employment Services Sub-Industry."
25,2530,253020,25302020,Consumer Discretionary,Consumer Services,Diversified Consumer Services,Specialized Consumer Services,"Companies providing consumer services not classified elsewhere.  Includes residential services, home security, legal services, personal services, renovation & interior design services, consumer auctions and wedding & funeral services."
25,2550,255010,25501010,Consumer Discretionary,Consumer Discretionary Distribution & Retail,Distributors,Distributors,Distributors and wholesalers of general merchandise not classified elsewhere. Includes vehicle distributors.
25,2550,255030,25503030,Consumer Discretionary,Consumer Discretionary Distribution & Retail,Broadline Retail,Broadline Retail,"Retailers offering a wide range of consumer discretionary merchandise. This Sub-Industry includes general and discount merchandise retailers, department stores and on-line retailers and marketplaces selling mostly consumer discretionary merchandise."
25,2550,255040,25504010,Consumer Discretionary,Consumer Discretionary Distribution & Retail,Specialty Retail,Apparel Retail,Retailers specialized mainly in apparel and accessories.
25,2550,255040,25504020,Consumer Discretionary,Consumer Discretionary Distribution & Retail,Specialty Retail,Computer & Electronics Retail,"Owners and operators of consumer electronics, computers, video and related products retail stores."
25,2550,255040,25504030,Consumer Discretionary,Consumer Discretionary Distribution & Retail,Specialty Retail,Home Improvement Retail,Owners and operators of home and garden improvement retail stores. Includes stores offering building materials and supplies.
25,2550,255040,25504040,Consumer Discretionary,Consumer Discretionary Distribution & Retail,Specialty Retail,Other Specialty Retail,"Owners and operators of specialty retail stores not classified elsewhere. Includes jewelry stores, toy stores, office supply stores, health & vision care stores, and book & entertainment stores."
25,2550,255040,25504050,Consumer Discretionary,Consumer Discretionary Distribution & Retail,Specialty Retail,Automotive Retail,"Owners and operators of stores specializing in automotive retail.  Includes auto dealers, gas stations, and retailers of auto accessories, motorcycles & parts, automotive glass, and automotive equipment & parts."
25,2550,255040,25504060,Consumer Discretionary,Consumer Discretionary Distribution & Retail,Specialty Retail,Homefurnishing Retail,"Owners and operators of furniture and home furnishings retail stores. Includes residential furniture, homefurnishings, housewares, and interior design.  Excludes home and garden improvement stores, classified in the Home Improvement Retail Sub-Industry."
30,3010,301010,30101010,Consumer Staples,Consumer Staples Distribution & Retail,Consumer Staples Distribution & Retail,Drug Retail,Owners and operators of primarily drug retail stores and pharmacies.
30,3010,301010,30101020,Consumer Staples,Consumer Staples Distribution & Retail,Consumer Staples Distribution & Retail,Food Distributors,Distributors of food products to other companies and not directly to the consumer.
30,3010,301010,30101030,Consumer Staples,Consumer Staples Distribution & Retail,Consumer Staples Distribution & Retail,Food Retail,Owners and operators of primarily food retail stores.
30,3010,301010,30101040,Consumer Staples,Consumer Staples Distribution & Retail,Consumer Staples Distribution & Retail,Consumer Staples Merchandise Retail,"Retailers offering a wide range of consumer staples merchandise such as food, household, and personal care products. This Sub-Industry includes hypermarkets, super centers and other consumer staples retailers such as discount retail spaces and on-line marketplaces selling mostly consumer staples goods."
30,3020,302010,30201010,Consumer Staples,"Food, Beverage & Tobacco",Beverages,Brewers,Producers of beer and malt liquors. Includes breweries not classified in the Restaurants Sub-Industry.
30,3020,302010,30201020,Consumer Staples,"Food, Beverage & Tobacco",Beverages,Distillers & Vintners,"Distillers, vintners and producers of alcoholic beverages not classified in the Brewers Sub-Industry."
30,3020,302010,30201030,Consumer Staples,"Food, Beverage & Tobacco",Beverages,Soft Drinks & Non-alcoholic Beverages,Producers of non-alcoholic beverages including mineral waters. Excludes producers of milk classified in the Packaged Foods & Meats Sub-Industry.
30,3020,302020,30202010,Consumer Staples,"Food, Beverage & Tobacco",Food Products,Agricultural Products & Services,"Producers of agricultural products. Includes crop growers, owners of plantations and companies that produce and process foods but do not package and market them. Excludes companies classified in the Forest Products Sub-Industry and those that package and market the food products classified in the Packaged Foods & Meats Sub-Industry."
30,3020,302020,30202030,Consumer Staples,"Food, Beverage & Tobacco",Food Products,Packaged Foods & Meats,"Producers of packaged foods including dairy products, fruit juices, meats, poultry, fish and pet foods."
30,3020,302030,30203010,Consumer Staples,"Food, Beverage & Tobacco",Tobacco,Tobacco,Manufacturers of cigarettes and other tobacco products.
30,3030,303010,30301010,Consumer Staples,Household & Personal Products,Household Products,Household Products,"Producers of non-durable household products, including detergents, soaps, diapers and other tissue and household paper products not classified in the Paper Products Sub-Industry."
30,3030,303020,30302010,Consumer Staples,Household & Personal Products,Personal Care Products,Personal Care Products,"Manufacturers of personal and beauty care products, including cosmetics and perfumes."
35,3510,351010,35101010,Health Care,Health Care Equipment & Services,Health Care Equipment & Supplies,Health Care Equipment,"Manufacturers of health care equipment and devices. Includes medical instruments, drug delivery systems, cardiovascular & orthopedic devices, and diagnostic equipment."
35,3510,351010,35101020,Health Care,Health Care Equipment & Services,Health Care Equipment & Supplies,Health Care Supplies,"Manufacturers of health care supplies and medical products not classified elsewhere. Includes eye care products, hospital supplies, and safety needle & syringe devices."
35,3510,351020,35102010,Health Care,Health Care Equipment & Services,Health Care Providers & Services,Health Care Distributors,Distributors and wholesalers of health care products not classified elsewhere. 
35,3510,351020,35102015,Health Care,Health Care Equipment & Services,Health Care Providers & Services,Health Care Services,"Providers of patient health care services not classified elsewhere. Includes dialysis centers, lab testing services, and pharmacy management services. Also includes companies providing business support services to health care providers, such as clerical support services, collection agency services, staffing services and outsourced sales & marketing services."
35,3510,351020,35102020,Health Care,Health Care Equipment & Services,Health Care Providers & Services,Health Care Facilities,"Owners and operators of health care facilities, including hospitals, nursing homes, rehabilitation centers and animal hospitals."
35,3510,351020,35102030,Health Care,Health Care Equipment & Services,Health Care Providers & Services,Managed Health Care,Owners and operators of Health Maintenance Organizations (HMOs) and other managed plans.
35,3510,351030,35103010,Health Care,Health Care Equipment & Services,Health Care Technology,Health Care Technology,"Companies providing information technology services primarily to health care providers.  Includes companies providing application, systems and/or data processing software, internet-based tools, and IT consulting services to doctors, hospitals or businesses operating primarily in the Health Care Sector."
35,3520,352010,35201010,Health Care,"Pharmaceuticals, Biotechnology & Life Sciences",Biotechnology,Biotechnology,"Companies primarily engaged in the research, development, manufacturing and/or marketing of products based on genetic analysis and genetic engineering.  Includes companies specializing in protein-based therapeutics to treat human diseases. Excludes companies manufacturing products using biotechnology but without a health care application."
35,3520,352020,35202010,Health Care,"Pharmaceuticals, Biotechnology & Life Sciences",Pharmaceuticals,Pharmaceuticals,"Companies engaged in the research, development or production of pharmaceuticals. Includes veterinary drugs."
35,3520,352030,35203010,Health Care,"Pharmaceuticals, Biotechnology & Life Sciences",Life Sciences Tools & Services,Life Sciences Tools & Services,"Companies enabling the drug discovery, development and production continuum by providing analytical tools, instruments, consumables & supplies, clinical trial services and contract research services. Includes firms primarily servicing the pharmaceutical and biotechnology industries."
40,4010,401010,40101010,Financials,Banks,Banks,Diversified Banks,"Large, geographically diverse banks with a national footprint whose revenues are derived primarily from conventional banking operations, have significant business activity in retail banking and small and medium corporate lending, and provide a diverse range of financial services. Excludes banks classified in the Regional Banks and Commercial & Residential Mortgage Finance Sub-Industries. Also excludes investment banks classified in the Investment Banking & Brokerage Sub-Industry."
40,4010,401010,40101015,Financials,Banks,Banks,Regional Banks,"Commercial banks, savings banks and thrifts whose business are derived primarily from conventional banking operations such as retail banking, corporate lending and originating various residential and commercial mortgage loans funded mainly through deposits. Regional banks tend to operate in limited geographic regions. Excludes companies classified in the Diversified Banks and Commercial & Residential Mortgage Finance Sub-Industries. Also excludes investment banks classified in the Investment Banking & Brokerage Sub-Industry."
40,4020,402010,40201020,Financials,Financial Services, Financial Services,Diversified Financial Services,"Providers of a diverse range of financial services and/or with some interest in a wide range of financial services including banking, insurance and capital markets, but with no dominant business line. Excludes companies classified in the Regional Banks and Diversified Banks Sub-Industries."
40,4020,402010,40201030,Financials,Financial Services, Financial Services,Multi-Sector Holdings,"A company with significantly diversified holdings across three or more sectors, none of which contributes a majority of profit and/or sales. Stakes held are predominantly of a non-controlling nature. Includes diversified financial companies where stakes held are of a controlling nature. Excludes other diversified companies classified in the Industrials Conglomerates Sub-Industry."
40,4020,402010,40201040,Financials,Financial Services, Financial Services,Specialized Finance,"Providers of specialized financial services not classified elsewhere. Companies in this Sub-Industry derive a majority of revenue from one specialized line of business. Includes, but not limited to, commercial financing companies, central banks,  leasing institutions, factoring services, and specialty boutiques. Excludes companies classified in the Financial Exchanges & Data Sub-Industry."
40,4020,402010,40201050,Financials,Financial Services, Financial Services,Commercial & Residential Mortgage Finance,"Financial companies providing commercial and residential mortgage financing and related mortgage services. This Sub-Industry includes non-deposit funded mortgage lending institutions, building societies, companies providing real estate financing products, loan servicing, mortgage broker services, and mortgage insurance. "
40,4020,402010,40201060,Financials,Financial Services, Financial Services,Transaction & Payment Processing Services,"Providers of transaction & payment processing services and related payment services including digital/mobile payment processors, payment service providers & gateways, and digital wallet providers."
40,4020,402020,40202010,Financials,Financial Services,Consumer Finance,Consumer Finance,"Providers of consumer finance services, including personal credit, credit cards, lease financing, travel-related money services and pawn shops. Excludes mortgage lenders classified in the Commercial & Residential Mortgage Finance Sub-Industry."
40,4020,402030,40203010,Financials,Financial Services,Capital Markets,Asset Management & Custody Banks,"Financial institutions primarily engaged in investment management and/or related custody and securities fee-based services. Includes companies operating mutual funds, closed-end funds and unit investment trusts.  Excludes banks and other financial institutions primarily involved in commercial lending, investment banking, brokerage and other specialized financial activities. "
40,4020,402030,40203020,Financials,Financial Services,Capital Markets,Investment Banking & Brokerage,"Financial institutions primarily engaged in investment banking & brokerage services, including equity and debt underwriting, mergers and acquisitions, securities lending and advisory services. Excludes banks and other financial institutions primarily involved in commercial lending, asset management and specialized financial activities. "
40,4020,402030,40203030,Financials,Financial Services,Capital Markets,Diversified Capital Markets,"Financial institutions primarily engaged in diversified capital markets activities, including a significant presence in at least two of the following area: large/major corporate lending, investment banking, brokerage and asset management. Excludes less diversified companies classified in the Asset Management & Custody Banks or Investment Banking & Brokerage Sub-Industries.  Also excludes companies classified in the Banks or Insurance industry groups or the Consumer Finance Sub-Industry. "
40,4020,402030,40203040,Financials,Financial Services,Capital Markets,Financial Exchanges & Data,"Financial exchanges for securities, commodities, derivatives and other financial instruments, and providers of financial decision support tools and products including ratings agencies."
40,4020,402040,40204010,Financials,Financial Services,"Mortgage Real Estate Investment
Trusts (REITs)",Mortgage REITs,"Companies or Trusts that service, originate, purchase and/or securitize residential and/or commercial mortgage loans.  Includes trusts that invest in mortgage-backed securities and other mortgage related assets."
40,4030,403010,40301010,Financials,Insurance,Insurance,Insurance Brokers,Insurance and reinsurance brokerage firms.
40,4030,403010,40301020,Financials,Insurance,Insurance,Life & Health Insurance,"Companies providing primarily life, disability, indemnity or supplemental health insurance. Excludes managed care companies classified in the Managed Health Care Sub-Industry."
40,4030,403010,40301030,Financials,Insurance,Insurance,Multi-line Insurance,"Insurance companies with diversified interests in life, health and property and casualty insurance."
40,4030,403010,40301040,Financials,Insurance,Insurance,Property & Casualty Insurance,Companies providing primarily property and casualty insurance.
40,4030,403010,40301050,Financials,Insurance,Insurance,Reinsurance,Companies providing primarily reinsurance.
45,4510,451020,45102010,Information Technology,Software & Services,IT Services,IT Consulting & Other Services,Providers of information technology and systems integration services not classified in the Data Processing & Outsourced Services or Internet Software & Services Sub-Industries. Includes information technology consulting and information management services.
45,4510,451020,45102030,Information Technology,Software & Services,IT Services,Internet Services & Infrastructure,Companies providing services and infrastructure for the internet industry including data centers and cloud networking and storage infrastructure. Also includes companies providing web hosting services. Excludes companies classified in the Software Industry.
45,4510,451030,45103010,Information Technology,Software & Services,Software,Application Software,"Companies engaged in developing and producing software designed for specialized applications for the business or consumer market. Includes enterprise and technical software, as well as cloud-based software. Excludes companies classified in the Interactive Home Entertainment Sub-Industry. Also excludes companies producing systems or database management software classified in the Systems Software Sub-Industry."
45,4510,451030,45103020,Information Technology,Software & Services,Software,Systems Software,Companies engaged in developing and producing systems and database management software.
45,4520,452010,45201020,Information Technology,Technology Hardware & Equipment,Communications Equipment,Communications Equipment,"Manufacturers of communication equipment and products, including LANs, WANs, routers, telephones, switchboards and exchanges. Excludes cellular phone manufacturers classified in the Technology Hardware, Storage & Peripherals Sub-Industry."
45,4520,452020,45202030,Information Technology,Technology Hardware & Equipment,"Technology Hardware, Storage & Peripherals","Technology Hardware, Storage & Peripherals","Manufacturers of cellular phones, personal computers, servers, electronic computer components and peripherals. Includes data storage components, motherboards, audio and video cards, monitors, keyboards, printers, and other peripherals. Excludes semiconductors classified in the Semiconductors Sub-Industry."
45,4520,452030,45203010,Information Technology,Technology Hardware & Equipment,"Electronic Equipment, Instruments & Components",Electronic Equipment & Instruments ,"Manufacturers of electronic equipment and instruments including analytical, electronic test and measurement instruments, scanner/barcode products, lasers, display screens, point-of-sales machines, and security system equipment."
45,4520,452030,45203015,Information Technology,Technology Hardware & Equipment,"Electronic Equipment, Instruments & Components",Electronic Components,"Manufacturers of electronic components. Includes electronic components, connection devices, electron tubes, electronic capacitors and resistors, electronic coil, printed circuit board, transformer and other inductors, signal processing technology/components."
45,4520,452030,45203020,Information Technology,Technology Hardware & Equipment,"Electronic Equipment, Instruments & Components",Electronic Manufacturing Services,Producers of electronic equipment mainly for the OEM (Original Equipment Manufacturers) markets.
45,4520,452030,45203030,Information Technology,Technology Hardware & Equipment,"Electronic Equipment, Instruments & Components",Technology Distributors,"Distributors of technology hardware and equipment. Includes distributors of communications equipment, computers & peripherals, semiconductors, and electronic equipment and components."
45,4530,453010,45301010,Information Technology,Semiconductors & Semiconductor Equipment,Semiconductors & Semiconductor Equipment,Semiconductor Materials & Equipment,"Manufacturers of semiconductor equipment, including manufacturers of the raw material and equipment used in the solar power industry."
45,4530,453010,45301020,Information Technology,Semiconductors & Semiconductor Equipment,Semiconductors & Semiconductor Equipment,Semiconductors,"Manufacturers of semiconductors and related products, including manufacturers of solar modules and cells."
50,5010,501010,50101010,Communication Services,Telecommunication Services,Diversified Telecommunication Services,Alternative Carriers,Providers of communications and high-density data transmission services primarily through a high bandwidth/fiber-optic cable network.
50,5010,501010,50101020,Communication Services,Telecommunication Services,Diversified Telecommunication Services,Integrated Telecommunication Services,Operators of primarily fixed-line telecommunications networks and companies providing both wireless and fixed-line telecommunications services not classified elsewhere. Also includes internet service providers offering internet access to end users.
50,5010,501020,50102010,Communication Services,Telecommunication Services,Wireless Telecommunication Services,Wireless Telecommunication Services,Providers of primarily cellular or wireless telecommunication services.
50,5020,502010,50201010,Communication Services,Media & Entertainment,Media,Advertising,"Companies providing advertising, marketing or public relations services."
50,5020,502010,50201020,Communication Services,Media & Entertainment,Media,Broadcasting,"Owners and operators of television or radio broadcasting systems, including programming. Includes radio and television broadcasting, radio networks, and radio stations."
50,5020,502010,50201030,Communication Services,Media & Entertainment,Media,Cable & Satellite,Providers of cable or satellite television services. Includes cable networks and program distribution.
50,5020,502010,50201040,Communication Services,Media & Entertainment,Media,Publishing,"Publishers of newspapers, magazines and books in print or electronic formats."
50,5020,502020,50202010,Communication Services,Media & Entertainment,Entertainment,Movies & Entertainment,"Companies that engage in producing and selling entertainment products and services, including companies engaged in the production, distribution and screening of movies and television shows, producers and distributors of music, entertainment theaters and sports teams. Also includes companies offering and/or producing entertainment content streamed online."
50,5020,502020,50202020,Communication Services,Media & Entertainment,Entertainment,Interactive Home Entertainment,"Producers of interactive gaming products, including mobile gaming applications. Also includes educational software used primarily in the home. Excludes online gambling companies classified in the Casinos & Gaming Sub-Industry."
50,5020,502030,50203010,Communication Services,Media & Entertainment,Interactive Media & Services,Interactive Media & Services,"Companies engaging in content and information creation or distribution through proprietary platforms, where revenues are derived primarily through pay-per-click advertisements. Includes search engines, social media and networking platforms, online classifieds, and online review companies."
55,5510,551010,55101010,Utilities,Utilities,Electric Utilities,Electric Utilities,Companies that produce or distribute electricity. Includes both nuclear and non-nuclear facilities.
55,5510,551020,55102010,Utilities,Utilities,Gas Utilities,Gas Utilities,"Companies whose main charter is to distribute and transmit natural and manufactured gas. Excludes companies primarily involved in gas exploration or production classified in the Oil & Gas Exploration & Production Sub-Industry. Also excludes companies engaged in the storage and/or transportation of oil, gas, and/or refined products classified in the Oil & Gas Storage & Transportation Sub-Industry."
55,5510,551030,55103010,Utilities,Utilities,Multi-Utilities,Multi-Utilities,"Utility companies with significantly diversified activities in addition to core Electric Utility, Gas Utility and/or Water Utility operations."
55,5510,551040,55104010,Utilities,Utilities,Water Utilities,Water Utilities,Companies that purchase and redistribute water to the end-consumer. Includes large-scale water treatment systems.
55,5510,551050,55105010,Utilities,Utilities,Independent Power and Renewable Electricity Producers,Independent Power Producers & Energy Traders,"Companies that operate as Independent Power Producers (IPPs), Gas & Power Marketing & Trading Specialists and/or Integrated Energy Merchants. Excludes producers of electricity using renewable sources, such as solar power, hydropower, and wind power. Also excludes electric transmission companies and utility distribution companies classified in the Electric Utilities Sub-Industry."
55,5510,551050,55105020,Utilities,Utilities,Independent Power and Renewable Electricity Producers,Renewable Electricity ,"Companies that engage in the generation and distribution of electricity using renewable sources, including, but not limited to, companies that produce electricity using biomass, geothermal energy, solar energy, hydropower, and wind power. Excludes companies manufacturing capital equipment used to generate electricity using renewable sources, such as manufacturers of solar power systems, installers of photovoltaic cells, and companies involved in the provision of technology, components, and services mainly to this market. "
60,6010,601010,60101010,Real Estate,Equity Real Estate Investment Trusts (REITs),Diversified REITs,Diversified REITs,A company or Trust with significantly diversified operations across two or more property types.
60,6010,601025,60102510,Real Estate,Equity Real Estate Investment Trusts (REITs),Industrial REITs,Industrial REITs,"Companies or Trusts engaged in the acquisition, development, ownership, leasing, management and operation of industrial properties. Includes companies operating industrial warehouses and distribution properties."
60,6010,601030,60103010,Real Estate,Equity Real Estate Investment Trusts (REITs),Hotel & Resort REITs,Hotel & Resort REITs,"Companies or Trusts engaged in the acquisition, development, ownership, leasing, management and operation of hotel and resort properties. "
60,6010,601040,60104010,Real Estate,Equity Real Estate Investment Trusts (REITs),Office REITs,Office REITs,"Companies or Trusts engaged in the acquisition, development, ownership, leasing, management and operation of office properties."
60,6010,601050,60105010,Real Estate,Equity Real Estate Investment Trusts (REITs),Health Care REITs,Health Care REITs,"Companies or Trusts engaged in the acquisition, development, ownership, leasing, management and operation of properties serving the health care industry, including hospitals, nursing homes, and assisted living properties."
60,6010,601060,60106010,Real Estate,Equity Real Estate Investment Trusts (REITs),Residential REITs,Multi-Family Residential REITs,"Companies or Trusts engaged in the acquisition, development, ownership, leasing, management and operation of apartments and other multi-family housing including student housing."
60,6010,601060,60106020,Real Estate,Equity Real Estate Investment Trusts (REITs),Residential REITs,Single-Family Residential REITs,"Companies or Trusts engaged in the acquisition, development, ownership, leasing, management and operation of single-family residential housing including manufactured homes."
60,6010,601070,60107010,Real Estate,Equity Real Estate Investment Trusts (REITs),Retail REITs,Retail REITs,"Companies or Trusts engaged in the acquisition, development, ownership, leasing, management and operation of shopping malls, outlet malls, neighborhood and community shopping centers."
60,6010,601080,60108010,Real Estate,Equity Real Estate Investment Trusts (REITs),Specialized REITs,Other Specialized REITs,"Companies or Trusts engaged in the acquisition, development, ownership, leasing, management and operation of properties not classified elsewhere. This Sub-Industry includes REITs that manage and own properties such as natural gas and crude oil pipelines, gas stations, fiber optic cables, prisons, automobile parking, and automobile dealerships."
60,6010,601080,60108020,Real Estate,Equity Real Estate Investment Trusts (REITs),Specialized REITs,Self-Storage REITs,"Companies or Trusts engaged in the acquisition, development, ownership, leasing, management and operation of self storage properties."
60,6010,601080,60108030,Real Estate,Equity Real Estate Investment Trusts (REITs),Specialized REITs,Telecom Tower REITs,"Companies or Trusts engaged in the acquisition, development, ownership, leasing, management and operation of telecom towers and related structures that support wireless telecommunications."
60,6010,601080,60108040,Real Estate,Equity Real Estate Investment Trusts (REITs),Specialized REITs,Timber REITs,"Companies or Trusts engaged in the acquisition, development, ownership, leasing, management and operation of timberland and timber-related properties."
60,6010,601080,60108050,Real Estate,Equity Real Estate Investment Trusts (REITs),Specialized REITs,Data Center REITs,"Companies or Trusts engaged in the acquisition, development, ownership, leasing, management and operation of data center properties."
60,6020,602010,60201010,Real Estate,Real Estate Management & Development,Real Estate Management & Development,Diversified Real Estate Activities,"Companies engaged in a diverse spectrum of real estate activities including real estate development & sales, real estate management, or real estate services, but with no dominant business line."
60,6020,602010,60201020,Real Estate,Real Estate Management & Development,Real Estate Management & Development,Real Estate Operating Companies,Companies engaged in operating real estate properties for the purpose of leasing & management.
60,6020,602010,60201030,Real Estate,Real Estate Management & Development,Real Estate Management & Development,Real Estate Development,Companies that develop real estate and sell the properties after development. Excludes companies classified in the Homebuilding Sub-Industry.
60,6020,602010,60201040,Real Estate,Real Estate Management & Development,Real Estate Management & Development,Real Estate Services,"Real estate service providers such as real estate agents, brokers & real estate appraisers."
